company_id,trading_name,url
137,CheqUp,https://chequp.com/
138,Nomo Bank,https://www.nomobank.com/
171,Brandbassador,https://www.brandbassador.com/
287,Varnish Software,https://www.varnish-software.com/
340,Clausematch,https://www.clausematch.com/
348,LoveCrafts,https://www.lovecrafts.com/
354,Easol,https://easol.com/
376,Holly,https://www.hollyhires.ai/
384,Incredible,https://www.getincredible.com/
429,Eilla AI,https://eilla.ai/
459,Count,https://count.co/
490,Palta,https://palta.com/
513,W1TTY,https://www.w1tty.com/
518,YuLife,https://www.yulife.com/
583,Garrison,https://www.garrison.com/
585,Magpie,https://www.wearemagpie.com/
614,Trouva,https://www.trouva.com/
617,Segantii,https://www.segantii.com/
681,BeZero,https://bezerocarbon.com/
703,Luminance,https://www.luminance.com/
708,Transreport,https://www.transreport.co.uk/
710,Machine Medicine,https://machinemedicine.com
744,Heroes,https://makeheroes.co/
745,Residently,https://residently.com/
751,Tunic Pay,https://www.tunicpay.com/
752,Dishpatch,https://dishpatch.co.uk/
766,The Social Innovation Partnership (TSIP),https://www.tsip.co.uk/
781,Performanta,https://www.performanta.com/
789,Womble Bond Dickinson,https://www.womblebonddickinson.com
795,Vortexa,https://www.vortexa.com/
796,Digital Marmalade,https://www.digitalmarmalade.co.uk/
818,Quantexa,https://www.quantexa.com/
837,Patchwork,https://patchwork.health/
845,FuturLab,https://futurlab.co.uk/
846,Crezco,https://www.crezco.com/
854,YardLink,https://yardlink.com/
865,IMPOSSIBREW,https://impossibrew.co.uk/
866,Alterest,https://www.alterest.co/
874,Uninist,https://uninist.com/
882,Britton and Time Solicitors,https://brittontime.com/
887,Betfair,https://betfair.com
901,Hanwha Phasor,https://www.hanwha-phasor.com/
941,Pixie,https://www.usepixie.com/
942,Connectd,https://www.connectd.com/
945,ThoughtRiver,https://thoughtriver.com
971,Peckwater Brands,https://www.peckwaterbrands.com/
994,AiSolve,https://aisolve.com/
1007,Mojo,https://mojo.so/
1010,Ballistic Moon,https://ballisticmoon.com/
1024,Purlos,https://www.purlos.com/
1035,Parcelly,https://parcelly.com/
1036,Sporting Group,https://www.sportinggroup.co.uk/
1039,Superscript,https://gosuperscript.com/
1051,Snoots,https://snootsvet.com/
1054,WorldFirst EU,https://www.worldfirst.com/eu/
1059,Thredd,https://www.thredd.com/
1070,Illuminet,https://illuminet.co/
1098,Thriva,https://thriva.co
1102,3S Money,https://3s.money/
1136,Strolll,https://strolll.co/
1145,Stored.,https://www.joinstored.com/
1147,mvpr,https://mvpr.io/
1149,EasyA,https://www.easya.io/
1159,Forest,https://www.humanforest.co.uk/
1160,Touchlab,https://www.touchlab.io/
1161,TeamSportz,https://www.teamsportz.pro/
1163,Pollinate,https://www.pollinate.global/
1165,SymTerra,https://www.symterra.co.uk/
1166,Concrete4Change,https://www.concrete4change.com/
1171,Kidly,https://www.kidly.co.uk/
1172,The Cheeky Panda,https://uk.cheekypanda.com/
1175,Rap Fame,https://rapfame.app/
1176,Dragonfly AI,https://dragonflyai.co/
1177,Sauce Shop,https://www.sauceshop.co/
1179,myenergi,https://www.myenergi.com/
1181,AeroCloud,https://aerocloudsystems.com/
1188,Orbex,https://orbex.space/
1189,NavLive,https://www.navlive.ai/
1191,LabGenius,https://labgeni.us/
1195,Seatfrog,https://seatfrog.com/
1203,Zapp,https://www.justzapp.com/
1204,Qatalog,https://qatalog.com/
1206,Fat Llama,https://fatllama.com/
1207,Rekki,https://rekki.com/
1209,lendinvest,https://www.lendinvest.com/
1212,Pharmacy2U,https://www.pharmacy2u.co.uk/
1219,BioCorteX,https://biocortex.com/
1223,MultiOmic,https://multiomic.health/
1227,QuantrolOx,https://quantrolox.com/
1230,Vitesse,https://www.vitesse.io/
1231,StableLogic,https://stablelogic.com/en-gb/
1233,btrt,https://www.btrt.io/
1237,Kleene.ai,https://kleene.ai/
1240,Ori,https://www.ori.co/
1242,Sentify,https://getsentify.ai/
1251,Virtex,https://www.virtexstadium.com/
1252,CoSyne Therapeutics,https://www.cosyne.com/
1253,Nuntius Therapeutics,https://www.nuntiustx.com/
1260,Unbabel,https://unbabel.com/
1265,Hurdle,https://hurdle.bio/
1267,Novoic,https://novoic.com/
1268,Ohalo,https://www.ohalo.co/
1273,Contingent,https://www.contingent.ai/
1282,ChAI,https://chaipredict.com/
1286,Previse,https://previse.co/en-gb/
1287,Oneday,https://www.oneday.co.uk/
1288,NatureMetrics,https://www.naturemetrics.com/
1289,Closed Loop Medicine,https://www.closedloopmedicine.com/
1291,Third Space Learning,https://thirdspacelearning.com/
1301,Kanjo,https://www.mykanjo.com/
1302,Unfabled,https://unfabled.co/
1303,Kaedim,https://www.kaedim3d.com/
1308,Ori Biotech,https://oribiotech.com/
1313,BenevolentAI,https://www.benevolent.com/
1314,Paysend,https://paysend.com/
1316,Haiper,https://haiper.ai/home
1327,Moneyfarm,https://www.moneyfarm.com/uk/
1328,Accelex,https://www.accelextech.com/
1338,SurrealDB,https://surrealdb.com/
1345,Fintech Farm ,https://www.fintech-farm.com/
1348,Charm Therapeutics,https://charmtx.com/
1362,Pactio,https://pactio.io
1363,Connected Kerb,https://www.connectedkerb.com
1371,Mirriad,https://www.mirriad.com/
1380,24 Haymarket,http://24haymarket.com/
1381,Coadjute,https://coadjute.com/
1386,Wildstone,https://www.wildstone.co.uk/
1391,WeFlex,https://www.weflex.co.uk/
1394,Engitix Therapeutics,https://engitix.com/
1402,Yoti,https://www.yoti.com/
1403,Hazy,https://hazy.com/
1409,FutureLearn,https://www.futurelearn.com/
1410,Nordstar,https://nordstar.com/
1411,Harris & Trotter,https://harrisandtrotter.co.uk/
1418,Bike Club,https://bikeclub.com/
1423,Molo Finance,https://molofinance.com/
1424,Piclo,https://www.piclo.energy/
1425,Snoop,https://snoop.app/
1426,Distributed,https://www.distributed.com/
1429,F1 Arcade,https://f1arcade.com/uk/
1440,Kantox,https://www.kantox.com/
1441,APEXX Global,https://apexx.global/
1442,Cable,https://cable.tech/
1446,Vita Mojo,https://www.vitamojo.com/
1448,Curlew Capital,https://www.curlewcapital.co.uk/
1450,Capitalise,https://capitalise.com/
1451,Hipgnosis Song Management,https://www.hipgnosissongs.com/
1452,Waymap,https://waymapnav.com/
1454,TotallyMoney,https://www.totallymoney.com/
1457,Yumpingo,https://yumpingo.com/
1460,Etopia,https://www.etopia.eco/
1461,Quintain,https://www.quintain.co.uk/
1462,Tymit,https://tymit.com/
1463,Kennek,https://kennek.io/
1471,Papier,https://www.papier.com/
1472,Plastic Energy,https://plasticenergy.com/
1481,Gridworks,https://gridworkspartners.com/
1493,Invstr,https://invstr.com/
1498,Supply@Me,https://www.supplymecapital.com/
1500,Buster + Punch,https://www.busterandpunch.com/
1508,Kilter Finance,https://kilterfinance.com/
1512,Molten Ventures,https://www.moltenventures.com/
1514,Evonetix,https://www.evonetix.com/
1519,Trip,https://drink-trip.com/
1520,GiantX,https://giantx.gg/
1521,ChargedUp,https://www.chargedup.green/
1534,Bumblebee Power,https://bumblebeepower.com/
1549,iota Sciences,https://iotasciences.com/
1556,ONI,https://oni.bio/
1564,Theolytics,https://www.theolytics.com/
1565,Wayland Additive,https://www.waylandadditive.com/
1567,ZiO Health,https://www.zio-health.com/
1568,NetPurpose,https://www.netpurpose.com/
1570,FundamentalVR,https://fundamentalsurgery.com/
1583,Isio,https://www.isio.com/
1593,OpenBet,https://www.openbet.com/
1596,Macmillan,https://www.macmillan.org.uk/
1607,Delinian,https://www.delinian.com/
1614,Telegraph,https://www.telegraph.co.uk/
1643,All3Media,https://all3media.com/
1649,Creation,https://www.creation.co.uk/
1650,Thorogood,https://www.thorogood.com/
1651,Bacsol,https://www.bacsol.co.uk/
1675,Poli,https://withpoli.com
1720,Tortoise Media,https://www.tortoisemedia.com
1721,ENSEK,https://ensek.com/
1741,Pion,https://www.wearepion.com/
1759,Zepz,https://zepzpay.com/
1761,Zoopla,https://www.zoopla.co.uk/
1763,CreateFuture,https://createfuture.com/
1811,Binks,https://binks.com
1812,InsurX,https://www.insurxglobal.com/
1822,Envevo,http://www.envevo.co.uk
1830,HVS,https://www.hvs.com/
1833,Precept Finance,https://preceptfinance.co.uk
1834,Superbeam,https://www.superbeam.agency
1836,BMC Helix,https://www.helixops.ai
1837,Collington Capital,https://collingtoncapital.com
1842,InCred Global Wealth,https://incredwealth.uk
1844,LSR Partners,https://lsrpartners.com
1846,Nonwovenn,https://nonwovenn.com
1847,TGP International,https://www.tgpinternational.com
1848,wamo,https://wamo.io
1851,A Squared Engineering,https://asquaredengineering.com
1853,HOOKE London,https://www.hooke.london
1861,S Squared Insights,https://www.ssquaredinsights.com
1863,Tadley Engineering,https://www.tadleyengineering.co.uk
1868,Silvercat,https://silvercat.com
1874,Hartford Care,https://hartfordcare.co.uk
1875,Kanou Capital,https://www.kanoucap.com
1881,AmaranthLabs,https://amaranthlabs.co.uk
1883,Ballintaggart,https://ballintaggart.com
1884,Xinix,https://xinix.co.uk
1885,Firmament,https://firmament.com
1900,Assisi Pet Care,https://assisipetcare.com
1901,C5 Capital,https://www.c5capital.com/
1903,FaultFixers,https://www.faultfixers.com
1904,Kingsbury,https://kingsburyuk.com
1905,Grant Saw Solicitors LLP,https://grantsaw.com
1908,Stenton Obhi Architects,https://www.so-architects.co.uk
1909,UrbanTide,https://urbantide.com
1912,De Digitizers,https://dedigitizers.com
1915,Fairhill Solicitors,https://www.fairhilllawyers.com
1916,Fifth Row Technologies,https://www.fifthrowtech.com
1917,Galvan,https://www.galvanlondon.com/
1919,Good With,https://goodwith.co
1920,Gran Lab,https://www.granlab.co
1926,Noë & Associates,https://noeassociates.com
1929,Wyvern Partners,https://wyvernpartners.com
1937,Hedyn,https://hedyn.wales
1938,Datox,https://datox.ai
1939,Digital Manufacturing Centre (DMC),https://www.digitalmanufacturingcentre.com
1940,INDUSTRY of Us,https://www.industryofus.com
1943,MATA Architects,https://www.mata-architects.co.uk
1955,JEVALONDON,https://www.jevalondon.co.uk
1956,K2 International,https://www.k2insinternational.com
1963,LSL Partners,https://lslpartners.co.uk
1968,aosphere,https://www.aosphere.com
1969,BAND,https://weareband.co.uk
1971,Fimple,https://fimple.co.uk/
1980,Cala Hotels,https://www.calahotels.com
1991,Data Innovations,https://www.datainnovations.com
1992,Mooncup,https://wearemooncup.com
1993,Crockett & Jones,https://www.crockettandjones.com
1998,Ab-Anbar Gallery,https://ab-anbar.com/
1999,Egg London,https://egglondon.co.uk
2002,Fabergé,https://www.faberge.com
2004,Hedley Studios,https://hedleystudios.com
2016,The Harkalm Group,https://www.harkalm.com
2024,deltaflare,https://deltaflare.com
2034,No.8,https://no8london.com
2044,Æge Energy,https://www.aegegroup.com
2046,Anthropocene Fixed Income Institute (AFII),https://anthropocenefii.org
2047,The New York Times Company,https://www.nytco.com/
2049,Berwins,https://berwins.co.uk
2053,Collins Botiuk,https://collinsbotiuk.com
2056,Eat Your Own Ears,https://www.eatyourownears.com
2057,Elisa Industriq,https://www.elisaindustriq.com
2058,Domaine Evremond,https://www.domaineevremond.com
2059,Fateless Games,https://www.fateless.gg
2060,FITFILE,https://fitfile.com/
2062,FPE,https://www.fpecapital.com
2068,Labl.it,https://labl.it
2069,Lightfern,https://lightfern.com
2070,LoweConex,https://loweconex.com
2072,The Max Barney Estate,https://www.maxbarney.com
2074,MedPal,https://www.medpal.ai
2075,Melton Legal Search,https://meltonlegal.com
2076,Norman Broadbent,https://www.normanbroadbent.com
2078,Rule,https://rulemoney.co.uk
2082,Thames Technology,https://www.thamestechnology.co.uk
2083,Diffley Partnership,https://diffleypartnership.co.uk
2085,Harper,https://www.harperconcierge.com
2092,Elva Ventures,https://www.elvaventures.com
2097,Birl,https://www.wearebirl.com
2098,Crimson Social,https://crimsonsocial.co.uk
2099,Datecs UK,https://datecs.co.uk
2100,derschutze,https://derschutze.com
2101,Durell Software,https://www.durell.co.uk
2103,GT Wings,https://gtwings.com
2106,Monroe Partners,https://monroe-partners.com
2108,Paapi,https://paapi.ai
2111,Battle Systems,https://battlesystems.co.uk
2112,Connexxions Brand & Media,https://www.connexxions.co.uk
2119,Reimagine Robotics,https://www.reimaginerobotics.ai
2120,xWatts,https://www.xwatts.co
2123,Beaufort Capital,https://www.beaufortcapital.co.uk
2124,Business Launchpad,https://www.businesslaunchpad.org.uk
2128,BBJ&K,https://www.bbjandk.com
2130,Rowm,https://www.rowm.co
2132,Whittard of Chelsea,https://www.whittard.co.uk
2139,Cordiant Digital Infrastructure,https://www.cordiantdigitaltrust.com
2140,Elation Pictures,https://www.elationpictures.co.uk
2146,Constructive Thinking,https://www.constructivethinking.co.uk
2148,FKP Scorpio Entertainment,https://fkpscorpioentertainment.com
2149,GreenCap Partners,https://www.greencap-partners.co.uk
2156,Hiut Denim Co.,https://hiutdenim.co.uk
2157,Thursday,https://www.getthursday.com
2162,Pupil Pathways,https://pupilpathways.com
2164,NB Studio,https://nbstudio.co.uk
2166,Scen Agency,https://www.scenagency.com
2169,The Magnet Agency,https://themagnetagency.com/
2173,RS Integrated Supply,https://rs-integratedsupply.com
2175,Achelous Energy,https://www.achelous.co.uk
2176,ARR Investment Partners,https://www.arrinvestments.com
2179,OZA,https://ozadesign.com/projects
2183,Ahren Innovation Capital,https://www.ahreninnovationcapital.com/
2184,Juru,https://juru.org
2187,Moonbility,https://moonbility.com
2188,Agrigum,https://agrigum.com
2192,Raymond James UK,https://www.raymondjames.uk.com
2196,Tryzens Global,https://tryzens.com
2197,Megaslice,https://megaslice.uk
2199,1Rebel,https://www.1rebel.com/en-gb
2205,Fira,https://www.fira-la.com
2206,The Roof Gardens,https://www.theroofgardens.com
2211,Digital Autopsy UK,https://www.digitalautopsy.co.uk
2212,Atheria Law,https://www.atherialaw.com/
2213,Avenir Group,https://avenirx.com
2215,DAM Consultants,https://dam-consultants.com
2216,Econic Technologies,https://www.econic-technologies.com
2222,Verisian,https://www.verisian.com
2225,Chancerygate,https://www.chancerygate.com
2226,Emalin,https://emalin.co.uk
2230,PM Alpha,https://www.pmalpha.co.uk
2231,Prometheux,https://prometheux.ai
2234,Studio\Woodroffe\Papa,https://www.woodroffepapa.com
2241,IMR Resources,https://imr-resources.com
2251,nTtau Digital,https://www.nttaudigital.com
2254,The Yard VFX,http://theyard-vfx.com
2260,Freemavens,https://freemavens.com
2269,Burroughs,https://burroughs.co.uk
2277,At The Movies Posters,https://atthemovies.uk
2278,DP9,https://dp9.co.uk
2279,Minotti London,https://minottilondon.com
2285,Botany Bay Asset Management,https://www.botanyam.com
2289,Stoneham,https://stoneham-kitchens.co.uk
2290,Wordwatch,https://wordwatch.io
2291,Howbout,https://howbout.app/
2300,Sodali & Co.,https://sodali.com
2305,Ambue,https://www.ambue.com
2308,Daihatsu Infinearth,https://www.d-infi.com/en/
2310,du Boulay Projects,https://duboulay.co.uk
2312,Justified Studio,https://justified.studio/
2313,Kodamai,https://www.kodamai.com
2318,Alkimi,https://www.alkimi.org
2319,Anesi Advisors,https://anesiadvisors.com
2320,Aubury’s,https://www.auburys.com
2324,Mouthfull Food Trading Co.,https://www.mouthfullfood.co.uk
2327,ume,https://www.ume.solutions
2328,A&B Smart Materials,https://www.absmartmaterials.com
2333,Melin,https://www.melinconsultants.co.uk
2335,Realtime Civil Engineering,https://www.realtimecivil.com
2340,Neighbourhood,https://neighbourhood.net
2343,Amaia,https://amaialondon.com
2344,possible,https://bepossible.co.uk
2347,Burlingtons,https://burlingtons.group
2354,Retalia,https://www.retaliasolutions.com
2356,Apis Partners,https://apis.pe/companies/
2357,Axitan,https://www.axitan.com
2363,Hawksmoor Construction,https://www.hawksmoorltd.co.uk
2365,iXtract,https://www.ixtract.com
2366,Neptune North,https://www.neptunenorth.co.uk
2374,Contollo,https://www.contollogroup.com
2376,DG Partners,https://www.dgpartners.co.uk
2377,Energise,https://www.energise.com
2379,Liberating Research,https://www.liberatingresearch.com
2380,Beettoo,https://www.beettoo.com
2381,Bourse & Bazaar Foundation,https://www.bourseandbazaar.org
2382,Cambustion,https://www.cambustion.com
2383,Chadwicks of Bury,https://www.chadwickslids.com
2391,10 Days London,https://www.10days.london
2393,BIOME9,https://biome9.com
2396,Corinthia Global Management,https://corinthiagm.com
2399,Markettiers,https://markettiers.com
2402,Enamel Dental,https://enameldental.co.uk
2403,Enlight10,https://enlight10.uk/
2404,Workiro,https://www.workiro.com
2406,HUBNER Group,https://www.hubner-group.com
2408,JEM Property,https://jemproperty.co.uk/
2409,Marugame Udon,https://marugame.co.uk
2410,Crosstown,https://www.crosstown.co.uk/
2411,Ki Hydrogen,https://www.ki-hydrogen.com
2412,Langage Farm Dairy,https://www.langagefarm.com
2414,Luscid,https://luscid.com
2416,MollerGroup,https://www.moellergroup.com
2418,OPRE Solutions,https://opresolutions.com
2421,Read Roper & Read Solicitors,https://www.readroper.co.uk
2423,Recycling Lives Services,https://recyclinglives-services.com
2425,SESSÙN,https://www.sessun.com
2428,Wendover Partners,https://wendoverpartners.com/studio/
2443,NTS Radio,https://www.nts.live
2449,YLookup,https://www.ylookup.ai
2450,Cecil,https://cecil.earth
2456,Sabe Fluid Dynamics,https://sabe.tech
2458,Statuo,https://statuo.co.uk
2461,Aerogel Core Ltd,https://grafaero.com
2464,BXR Group,https://bxrgroup.com
2467,Independence Products,https://ipl.uk.com
2469,Metris Energy,https://www.metrisenergy.com
2470,Ringover,https://www.ringover.co.uk/
2472,The Place To Be,https://www.theplacetobeagency.com
2477,Braingaze,https://braingaze.com
2484,Palm,https://usepalm.com
2486,Cantifix,https://www.cantifix.co.uk
2487,Copyright Agent,https://www.copyrightagent.com
2488,Inperio,https://inperio.co.uk
2489,OpenDialog AI,https://opendialog.ai
2490,ROCO,https://roco9.com
2491,Visualist,https://www.visualistapp.com
2492,Intropy,https://www.intropy.ai
2493,Upwind Security,https://www.upwind.io
2498,casual fitters,https://www.casualfitters.co.uk
2500,ePass,https://epass.tech
2501,ExePay,https://www.exepay.co.uk
2504,JVA Brokers,https://jvabrokers.com
2505,Matoha,https://www.matoha.com
2506,Unbox,https://www.unbox.social
2510,MatNex,https://www.matnex.ai
2513,DistilleryVFX,https://www.distilleryvfx.com
2514,BRYANT,https://www.bryantprojects.com
2522,Antaia,https://www.antaia.io
2523,FTAI Aviation,https://www.ftaiaviation.com/p/1
2524,geoSurge,https://geosurge.ai
2526,Maji,https://maji.io
2528,Pinnacom,https://www.pinnacom.com
2529,Woodrow,https://woodrowcommunications.com
2531,Spectro Cloud,https://www.spectrocloud.com
2537,Grind,https://grind.co.uk
2538,British Electronic Payments Institution,https://bepi.uk
2540,FreshBritain,https://www.freshbritain.com
2541,Quvara Medical,https://quvaramedical.com
2542,Resource Experts,https://resource-experts.co.uk
2546,CF Psychology,https://cfpsychology.co.uk
2550,TreQ,https://treq.tech
2555,SB Laboratories,https://sblabs.co.uk
2559,Wasted Talent,https://www.wastedtalent.com
2563,The Place,https://theplace.org.uk
2564,Amtest UK,https://amtest.uk
2566,Quadrant Harmon,http://www.quadrantharmon.co.uk/
2568,WCL Infrastructure,https://wclinfrastructure.com
2571,Bowcliffe Wealth Management,https://www.bowcliffewm.co.uk
2575,Sustainable Energy,https://www.sustainable-energy.co.uk
2576,Air Aware Labs,https://www.airawarelabs.com
2579,AlbR Capital,https://albrcapital.com
2586,HENGE,https://www.henge07.com
2587,J Goodwin & Co,https://www.jgoodwinandco.com
2589,OpenTrade,https://www.opentrade.io/
2590,Peer Group plc,https://peergroup.co.uk
2591,SEFE,https://www.sefe.eu/en/
2592,The Big House,https://thebighouse.uk.com
2597,fulfilment.com,https://fulfilment.com
2599,Crosure Inc.,https://crosure.com
2601,Guildmore,https://guildmore.com
2603,Spinal,https://www.withspinal.com
2604,Brompton Technology,https://www.bromptontech.com
2608,Cyril Leonard,https://www.cyrilleonard.com
2609,Digital Travel Marketing Group (DTMG),https://www.digitaltravel.io
2611,ROXFIT,https://www.roxfit.app
2613,Sponsicore,https://sponsicore.com
2614,Your.Online,https://your.online
2617,Odfjell Drilling,https://www.odfjelldrilling.com
2619,DRIVE Represents,https://www.driverepresents.com
2621,IN8INITY,https://in8inity.com
2622,loyalBe,https://loyalbe.io
2626,Sina Medical Glass,https://sinamedicalglass.com
2629,BIP,https://www.bip.com/
2635,Geoquip Marine,https://www.geoquip-marine.com
2636,Kesmalea Therapeutics,https://kesmalea.com
2639,Natural Innovations,https://naturalinnovations.com
2644,BNVT Capital,https://bnvtcapital.com
2647,Rivington Energy,https://rivingtonenergy.co.uk
2650,Blam Pictures,https://www.blampictures.com/
2651,Brexa International,https://brexa-international.com
2652,Cake Industries,https://cakeindustries.co.uk
2655,Creo Clinic,https://creoclinic.com
2656,Dalgety,https://dalgetyuk.co.uk
2657,DISAUTHORITY,https://disauthority.com
2658,genei,https://www.genei.io
2659,Matthew Allchurch Architects (MAA),https://www.maa-architects.com
2660,Semarion,https://www.semarion.com
2663,Varkey Foundation,https://www.varkeyfoundation.org
2665,tor&co,https://www.torandco.com
2668,Edgway,https://www.edgway.co.uk
2671,Zelt,https://zelt.app
2679,Knox Digital,https://knoxdigi.com
2681,The Earth Build Project,https://www.earthbuildproject.co.uk
2685,Asymmetric Security,https://www.asymmetricsecurity.com
2688,Shelftrak,https://www.shelftrak.com
2690,The Helicopter Girls,https://thehelicoptergirls.com
2698,DBX Commodities,https://www.dbxcommodities.com
2699,Infoshare+,https://infoshareplus.com
2700,ScienceMachine,https://www.sciencemachine.ai
2709,Cap10 Partners LLP,https://cap10partners.com
2710,COGA AI,https://coga.ai
2712,Ohm Space,https://ohm.space
2713,Rumbl,https://rumbl.co.uk
2718,RTS Wind UK,https://www.rts-wind.co.uk
