"id","trading_name","ats_provider","ats_board_token"
"2","VivaCity","lever","vivacitylabs"
"4","Faculty","ashby","https://api.ashbyhq.com/posting-api/job-board/faculty"
"5","Ensek","teamtailor","ensek"
"6","Net Scientific","bamboohr","netscientific"
"7","eGym","personio","egym"
"8","Productboard","smartrecruiters","productboard"
"9","Collibra","greenhouse","collibra"
"10","Verto","bamboohr","verto"
"11","Sylvera","lever","sylvera"
"12","Teya","ashby","https://api.ashbyhq.com/posting-api/job-board/teya"
"14","Wheely","greenhouse","wheely"
"15","Robinhood","greenhouse","robinhood"
"17","Wayve","greenhouse","wayve"
"18","Equiniti","workday","equiniti/Opportunities"
"19","Porsche","smartrecruiters","porsche"
"20","Winton","greenhouse","winton"
"22","Bird","greenhouse","bird"
"23","LoopMe","workable","loopme"
"24","Astroscale","bamboohr","astroscale"
"25","Second Home","breezy","second"
"29","TradingHub","bamboohr","tradinghub"
"30","Prophet","greenhouse","prophet"
"32","Raisin","greenhouse","raisin"
"33","Deel","ashby","Deel"
"34","eduMe","greenhouse","embed"
"35","Primer","ashby","https://api.ashbyhq.com/posting-api/job-board/primer"
"36","Braze","greenhouse","braze"
"37","University of East London","oracle_cloud","eedu.fa.em3.oraclecloud.com|CX_1003"
"39","Addison Lee","teamtailor","addisonlee"
"40","Aize","teamtailor","aize"
"42","Sweatcoin","teamtailor","sweatcoin"
"43","Salsify","greenhouse","salsify"
"44","JD Sports","greenhouse","jdsports"
"45","Loop Returns","lever","loopreturns"
"46","Point72","greenhouse","point72"
"47","Arqit","greenhouse","arqitlimited"
"48","Vyne","smartrecruiters","vyne"
"49","PUBLIC","greenhouse","public"
"50","Zwift","greenhouse","zwift"
"51","Lightricks","greenhouse","module"
"52","AnyVan","ashby","https://api.ashbyhq.com/posting-api/job-board/anyvan"
"53","Ben","ashby","https://api.ashbyhq.com/posting-api/job-board/ben"
"56","Civica","workable","civica-uk-ltd-1"
"58","biomodal","greenhouse","biomodal"
"59","Amplifi Capital","workable","ampcap"
"66","Expensify","bamboohr","expensify"
"67","Mimica","ashby","https://api.ashbyhq.com/posting-api/job-board/mimica"
"68","Ravelin","teamtailor","ravelin"
"70","Sciensus","teamtailor","sciensus"
"71","Chip","teamtailor","chip"
"72","Adthena","ashby","https://api.ashbyhq.com/posting-api/job-board/adthena"
"73","Kantata","bamboohr","kantata"
"76","proSapient","workable","prosapient"
"77","Lavanda","bamboohr","lavanda"
"79","Harmonic Inc.","greenhouse","harmonic"
"80","Calm","greenhouse","calm"
"82","Simmons & Simmons","teamtailor","simmonssimmons"
"83","Birdie","ashby","https://api.ashbyhq.com/posting-api/job-board/birdie"
"84","Privacy Culture","greenhouse","privacy"
"85","Houst","workable","houst"
"87","Griffin","ashby","https://api.ashbyhq.com/posting-api/job-board/griffin"
"88","carwow","ashby","https://api.ashbyhq.com/posting-api/job-board/carwow"
"89","UnlikelyAI","lever","unlikely"
"90","GetHarley","greenhouse","getharley"
"91","Culture Amp","greenhouse","cultureamp"
"92","loveholidays","ashby","https://api.ashbyhq.com/posting-api/job-board/loveholidays"
"93","Nansen","greenhouse","nansen"
"94","Flexport","greenhouse","flexport"
"95","Holistic AI","bamboohr","holisticai"
"96","Let's Do This","teamtailor","letsdothis"
"97","Breathe","teamtailor","breathebatterytechnologies"
"98","Employment Hero","teamtailor","employmenthero"
"100","YouGov","greenhouse","yougov"
"101","Bark","teamtailor","www"
"103","Gousto","smartrecruiters","Gousto1"
"104","Airtable","greenhouse","airtable"
"107","SeedLegals","workable","seedlegals"
"111","Peppy","teamtailor","peppy"
"112","HiBob","smartrecruiters","hibob"
"113","Creditspring","teamtailor","creditspring"
"117","BEL Engineering","smartrecruiters","bel"
"118","ExodusPoint","greenhouse","exoduspoint"
"119","Shieldpay","teamtailor","shieldpay"
"121","WPP","greenhouse","wpp"
"122","Beamery","ashby","https://api.ashbyhq.com/posting-api/job-board/beamery"
"123","About:Energy","bamboohr","aboutenergyuk"
"124","Lunio","smartrecruiters","lunio"
"128","Relativity","workday","External_Career_Site"
"129","Speechmatics","greenhouse","speechmatics"
"130","Multiverse","ashby","https://api.ashbyhq.com/posting-api/job-board/multiverse"
"131","Via","greenhouse","via"
"133","Lightspeed","greenhouse","lightspeedhq"
"134","Capital on Tap","greenhouse","capitalontap"
"136","GoCardless","greenhouse","gocardless"
"139","Supersolid","smartrecruiters","supersolid"
"142","Hiya","ashby","https://api.ashbyhq.com/posting-api/job-board/hiya"
"143","Snowplow","lever","snowplow"
"144","King","workable","10xbanking"
"147","Landytech","workable","landytech"
"149","Recycleye","workable","recycleye"
"151","Bondsmith","greenhouse","bondsmith"
"153","FabricNano","teamtailor","fabricnano"
"154","Phoelex","greenhouse","accq"
"157","Trustpilot","greenhouse","trustpilot"
"159","Raycast","ashby","raycast"
"161","Allica Bank","bamboohr","allicabank"
"162","Fora","workable","fora-space-limited"
"163","Baxter International","workday","baxter/baxter"
"164","CoMind","ashby","https://api.ashbyhq.com/posting-api/job-board/comind"
"169","Fastly","greenhouse","fastly"
"173","Satchel","bamboohr","teamsatchel"
"174","MAGIC","workable","magic-careers"
"177","Orbital","ashby","https://api.ashbyhq.com/posting-api/job-board/orbital"
"178","Verkada","greenhouse","verkada"
"180","Jaja","bamboohr","jajafinance"
"181","nudge Global","smartrecruiters","nudge"
"182","Gravity Sketch","ashby","https://api.ashbyhq.com/posting-api/job-board/gravitysketch"
"184","AudioStack","workable","audiostack"
"186","Octopus Group","smartrecruiters","v1"
"187","Seldon","greenhouse","seldon"
"188","Arm","workable","carmoola"
"189","CybSafe","bamboohr","cybsafe"
"190","Pelago","greenhouse","pelago"
"193","Parkopedia","teamtailor","parkopedia"
"194","Lick","workable","lick-home"
"196","Fathom","bamboohr","fathom"
"197","Anthesis","pinpoint","anthesisgroup"
"201","Hook","ashby","https://api.ashbyhq.com/posting-api/job-board/hook"
"202","Binance","lever","binance"
"203","VMWare","teamtailor","vmware"
"205","Mintago","teamtailor","mintago"
"206","Plotly","greenhouse","plotly"
"208","NET-A-PORTER","workday","luxexperience/LuxExperience_Careers"
"209","Yext","greenhouse","yext"
"212","Qogita","teamtailor","qogita"
"214","Choco","ashby","https://api.ashbyhq.com/posting-api/job-board/choco"
"215","Build A Rocket Boy","bamboohr","build"
"216","Salary Finance","greenhouse","salaryfinance83"
"219","LiveScore Group","greenhouse","livescore9"
"220","University of Nottingham","greenhouse","university"
"221","Weavr","smartrecruiters","weavr"
"222","Everlaw","greenhouse","everlaw"
"224","Motorway","ashby","https://api.ashbyhq.com/posting-api/job-board/motorway"
"225","Zscaler","greenhouse","zscaler"
"226","Elephant","workable","elephanthealthcare"
"227","Dexory","greenhouse","dexory"
"228","Crestline","greenhouse","crestline"
"229","trumpet","bamboohr","trumpet"
"230","6sense","greenhouse","6sense"
"232","Raylo","bamboohr","raylo"
"234","Carmoola","workable","carmoola-1"
"235","Alpha Data","workday","alphawave/jobs"
"236","Informa","smartrecruiters","InformaGroupPlc"
"238","Stream","bamboohr","stream"
"239","Criteo","smartrecruiters","criteo"
"241","Agreena","ashby","agreena"
"242","Prezzee","greenhouse","prezzee"
"243","Continuum","lever","continuum"
"244","Flash Pack","teamtailor","app"
"245","Checkout.com","workday","CheckoutCareers"
"250","Finbourne","bamboohr","finbourne"
"252","ASOS","smartrecruiters","ASOS"
"253","MOO","lever","moo"
"255","Modulr","greenhouse","modulrfinance"
"256","Ki Insurance","workable","ki-insurance"
"258","Better.co.uk","lever","better"
"260","Space Ape Games","greenhouse","space"
"263","Frontline Ventures","bamboohr","frontlinevc"
"266","Abatable","workable","abatable"
"267","Home Made","teamtailor","app"
"268","Lighthouse Games","workable","lighthousegames"
"272","Mast","greenhouse","mast"
"273","Marshmallow","ashby","https://api.ashbyhq.com/posting-api/job-board/marshmallow"
"275","Lumos Foundation","greenhouse","lumos"
"276","Cloudflare","greenhouse","cloudflare"
"277","Lattice","greenhouse","embed"
"278","Goodstack","ashby","https://api.ashbyhq.com/posting-api/job-board/goodstack"
"279","Klarna","teamtailor","klarna"
"280","Mixcloud","workable","mixcloud-limited"
"281","London Stock Exchange Group (LSEG)","workday","Careers"
"282","Hutch","workable","hutch"
"283","Hopin","workday","ringcentral/RingCentral_Careers"
"288","Acquia","greenhouse","acquia"
"289","Element","workable","elementio"
"290","Appian","greenhouse","appian"
"294","Farfetch","lever","farfetch"
"295","YLD","greenhouse","yld"
"298","Heat Geek","greenhouse","heatgeek"
"300","Squarespace","greenhouse","squarespace"
"301","PMG","greenhouse","pmg"
"302","Better Dairy","teamtailor_html","https://betterdairy-1665413363.teamtailor.com/jobs/"
"303","The Office Group","smartrecruiters","theoffice"
"304","Astorg","pinpoint","astorg"
"309","Cleo","greenhouse","cleo"
"310","Open Cosmos","teamtailor","opencosmos"
"312","Zendesk","workday","zendesk/zendesk"
"314","Appzen","lever","appzen"
"315","Stotles","teamtailor","stotles"
"317","Twilio","greenhouse","twilio"
"318","LILT","ashby","lilt-corporate"
"319","Quantum Motion","teamtailor","quantummotion"
"321","Kpler","lever","kpler"
"322","Global Screening Services (GSS)","breezy","global"
"323","Prodigy Finance","teamtailor","prodigyfinance"
"325","Moneybox","ashby","moneybox"
"326","iDeals","breezy","ideals"
"327","MyTutor","teamtailor","mytutor"
"328","Zilch","greenhouse","zilch"
"331","Palantir","lever","palantir"
"332","Plentific","bamboohr","plentific"
"334","Pay Check","bamboohr","pay"
"336","Intapp","workday","Intapp"
"337","Duffel","ashby","https://api.ashbyhq.com/posting-api/job-board/duffel"
"338","Techspert","bamboohr","techspert"
"341","iwoca","teamtailor","iwoca"
"342","White & Case","breezy","white"
"343","Tide","greenhouse","tide"
"345","Demandbase","smartrecruiters","demandbase"
"347","Minor Figures","teamtailor","minorfigures"
"350","University of the West of England Bristol (UWE Bristol)","greenhouse","university"
"352","Convene","greenhouse","convene"
"353","Super Payments","ashby","https://api.ashbyhq.com/posting-api/job-board/cytora.com"
"355","9fin","ashby","9fin"
"356","Freetrade","ashby","https://api.ashbyhq.com/posting-api/job-board/freetrade"
"360","KatKin","personio","katkin"
"361","WeWork","smartrecruiters","wework"
"363","PagerDuty","greenhouse","pagerduty"
"366","MullenLowe UK","greenhouse","mullenlowe"
"367","Mistral AI","lever","mistral"
"368","Safi","ashby","https://api.ashbyhq.com/posting-api/job-board/safi"
"373","Taxfix","teamtailor","taxfix"
"374","ustwo","hibob","https://ustwo.careers.hibob.com/api/job-ad"
"375","University of Greenwich","greenhouse","university"
"380","ai.io","bamboohr","ai"
"382","Omnipresent","greenhouse","omnipresent"
"386","Goodlord","ashby","https://api.ashbyhq.com/posting-api/job-board/goodlord"
"387","Charlotte Tilbury","workable","charlotte-tilbury"
"388","University of Reading","smartrecruiters","universityofreading"
"389","Oodle Car Finance","greenhouse","oodlefinance"
"391","Chainalysis","ashby","chainalysis-careers"
"392","OpenX","lever","openx"
"393","Adyen","greenhouse","adyen"
"395","BuzzFeed","greenhouse","buzzfeed"
"396","Live Nation","workday","LNExternalSite"
"400","Graphcore","greenhouse","graphcore"
"401","Railsr","bamboohr","teamrailsr"
"404","Numan","lever","numan"
"405","SevenRooms","bamboohr","sevenrooms"
"407","Elastic","greenhouse","elastic"
"408","Spendesk","lever","spendesk"
"413","Omnea","ashby","https://api.ashbyhq.com/posting-api/job-board/omnea"
"414","Unispace","greenhouse","unispace"
"415","Seedcamp","teamtailor","seedcamp"
"418","Sova","smartrecruiters","sovaassessment"
"419","Sentium","breezy","sentium"
"420","Monzo","greenhouse","monzo"
"421","Cuvva","bamboohr","cuvva"
"422","Seenit","teamtailor","seenit"
"423","Nethermind","ashby","https://api.ashbyhq.com/posting-api/job-board/nethermind"
"425","11:FS","rippling","https://ats.rippling.com/11fs-group-ltd/jobs"
"426","OakNorth Bank","lever","oaknorth"
"431","AND Digital","workable","and-digital"
"432","Addepar","greenhouse","addepar1"
"433","Journey","greenhouse","journey"
"436","Cohere","ashby","https://api.ashbyhq.com/posting-api/job-board/cohere"
"437","Callsign","smartrecruiters","callsign"
"438","Hadean","teamtailor","hadean"
"440","DocuSign","smartrecruiters","docusign"
"441","Encord","lever","CordTechnologies"
"443","Intropic","lever","intropic"
"445","Tokamak Energy","teamtailor","tokamakenergy"
"448","Codility","hibob","https://codility.careers.hibob.com/api/job-ad"
"450","Accurx","ashby","https://api.ashbyhq.com/posting-api/job-board/accurx"
"452","Cardlytics","workday","cardlytics/CardlyticsExternalCareerSite"
"453","Stone Nest","greenhouse","stone"
"454","AutogenAI","greenhouse","autogenai"
"455","Brandwatch","greenhouse","brandwatch"
"461","Mirakl","greenhouse","mirakl"
"462","Altana AI","greenhouse","altanaai"
"464","Zen Educate","breezy","disperse"
"465","Snowflake","ashby","https://api.ashbyhq.com/posting-api/job-board/snowflake"
"467","Not On The High Street","smartrecruiters","not"
"468","Borderless","teamtailor","app"
"469","Equals Money","recruitee","equalsmoney"
"470","Tripadvisor","greenhouse","tripadvisor"
"471","Algolia","greenhouse","algolia"
"473","Netlify","greenhouse","netlify"
"474","Bank of Baroda","smartrecruiters","bank"
"476","Rated People","bamboohr","ratedpeople"
"477","Reddit","greenhouse","reddit"
"481","Dun & Bradstreet","lever","dnb"
"483","Audiomob","greenhouse","audiomob"
"484","bp","smartrecruiters","bp"
"485","ToffeeX","breezy","toffeex"
"493","Jungheinrich UK","greenhouse","jungheinrich"
"494","General Assembly","greenhouse","generalassembly"
"495","Adludio","smartrecruiters","adludio"
"496","Republic Europe","bamboohr","europe"
"497","BlueOptima","smartrecruiters","v1"
"498","Field","bamboohr","field"
"499","Resi","teamtailor","resi"
"500","Auctane","greenhouse","auctane"
"502","XYZ Reality","bamboohr","xyz"
"503","Hokodo","bamboohr","hokodo"
"507","Pay.UK","greenhouse","payuk"
"508","Bloomreach","greenhouse","bloomreach"
"509","OpenAI","ashby","https://api.ashbyhq.com/posting-api/job-board/openai"
"511","InfoSum","workable","infosum"
"514","Stability AI","greenhouse","stabilityai"
"515","StackOne","breezy","stackone"
"519","Prove","greenhouse","prove"
"521","Accenture","workday","https://accenture.wd103.myworkdayjobs.com/en-US/accenturecareers"
"522","Nurole","smartrecruiters","nurole"
"523","Narvar","greenhouse","narvar"
"525","Zero Gravity","smartrecruiters","zerogravity"
"530","Runa","ashby","https://api.ashbyhq.com/posting-api/job-board/runa"
"532","ONE","bamboohr","one"
"533","Lyst","workable","lyst"
"534","UK Infrastructure Bank","workday","ukib/UKIB"
"535","onefinestay","bamboohr","onefinestay"
"537","Healx","lever","healx"
"538","Aircall","lever","aircall"
"539","Agilisys","greenhouse","agilisys"
"543","Mast Group","greenhouse","mast"
"544","impact.com","greenhouse","impact"
"545","Streetbees","breezy","streetbees"
"546","Dovetail Games","recruitee","careers-analytics"
"547","CoStar Group","workday","CoStarCareers"
"548","Deliveroo","smartrecruiters","deliveroo"
"552","Ebury","greenhouse","ebury"
"553","Virtu Financial","greenhouse","virtu"
"554","Apron","ashby","https://api.ashbyhq.com/posting-api/job-board/apron"
"555","FYLD","teamtailor","fyld"
"557","Bauer Media Outdoor","workable","bauermediaoutdoor"
"559","Bactobio","pinpoint","bactobio"
"560","GetGround","ashby","https://api.ashbyhq.com/posting-api/job-board/getground"
"562","OVO","greenhouse","company"
"563","Tony Blair Institute for Global Change (TBI)","workday","tbinstitute/TBI"
"564","Brainlabs","greenhouse","brainlabs"
"565","Soho House & Co","greenhouse","sohohouseco"
"568","Unmind","ashby","https://api.ashbyhq.com/posting-api/job-board/unmind"
"569","Simpplr","greenhouse","simpplr"
"570","Ameba","ashby","https://api.ashbyhq.com/posting-api/job-board/ameba"
"572","Isomorphic Labs","greenhouse","isomorphiclabs"
"574","Taskrabbit","greenhouse","taskrabbit"
"576","Workato","greenhouse","workato"
"578","Innovid","greenhouse","innovid"
"582","KAYAK","ashby","https://api.ashbyhq.com/posting-api/job-board/kayak"
"584","Carl Friedrik","recruitee","carlfriedrik"
"586","Judge.me","smartrecruiters","judgeme"
"588","Moneyhub","workable","moneyhub"
"589","Perkbox","ashby","Perk"
"594","Miro","teamtailor","miro"
"595","Evident","smartrecruiters","evident"
"597","Zinc","smartrecruiters","zinc"
"600","PhysicsX","greenhouse","physicsx"
"601","STITCH Editing","greenhouse","stitch"
"602","Amp X","teamtailor","ampx"
"603","Intent HQ","teamtailor","intenthq"
"604","InMotion Ventures","workday","nvent/nVent"
"606","Octus","greenhouse","octus"
"607","accesso","greenhouse","accesso"
"608","Intercom","greenhouse","intercom"
"609","Pleo","ashby","https://api.ashbyhq.com/posting-api/job-board/pleo"
"613","Block","greenhouse","block"
"618","Urban Jungle","bamboohr","urban"
"620","Gensyn","greenhouse","gensyn"
"622","Genesis","greenhouse","genesis"
"624","Sharkmob","ashby","https://api.ashbyhq.com/posting-api/job-board/api.ashbyhq.com"
"625","Enable","lever","enable"
"626","The Hut Group (THG)","bamboohr","thg"
"627","Ping Identity","greenhouse","pingidentity"
"628","Sessions","teamtailor","sessions"
"631","Metaview","ashby","https://api.ashbyhq.com/posting-api/job-board/metaview"
"632","MEDDICC","rippling","https://ats.rippling.com/meddicc/jobs"
"633","Cambridge Consultants","greenhouse","cambridgeconsultantslimited"
"634","Gymshark","greenhouse","gymshark"
"635","Behaviour Lab","bamboohr","behaviour"
"637","Tandem Bank","bamboohr","tandem"
"638","Causaly","ashby","https://api.ashbyhq.com/posting-api/job-board/causaly"
"639","Luno","greenhouse","luno"
"641","Appnovation","greenhouse","appnovation"
"642","Aztec","greenhouse","aztec"
"643","Gaia","ashby","https://api.ashbyhq.com/posting-api/job-board/gaiafamily"
"644","Elekta","workday","elekta/Elekta_Careers"
"645","Outsized Ventures","breezy","outsized"
"647","ANS","lever","ans"
"650","Compass Pathways","greenhouse","compasspathways"
"653","Kepler Interactive","teamtailor","tacticaladventures"
"654","Tallarium","lever","tallarium"
"655","Fresha","lever","fresha"
"657","Pigment","lever","pigment"
"658","Okta","greenhouse","okta"
"659","HealthHero","workable","healthhero"
"660","Thought Machine","smartrecruiters","thoughtmachine"
"661","Proton","greenhouse","proton"
"662","Anaplan","greenhouse","anaplan"
"663","DiDi","greenhouse","didi"
"665","Hanson Wade Group","smartrecruiters","hanson"
"667","Wakam","greenhouse","wakam"
"668","RELEX","greenhouse","relex"
"669","Veed.io","greenhouse","veedio"
"671","Terra","breezy","terra"
"672","Vertice","ashby","https://api.ashbyhq.com/posting-api/job-board/vertice"
"673","Plum","breezy","plum"
"675","Simply Business","lever","simplybusiness"
"676","Diligent","greenhouse","diligentcorporation"
"678","CrowdStrike","workday","crowdstrike/crowdstrikecareers"
"682","Axon","greenhouse","axonag"
"684","Freshworks","smartrecruiters","v1"
"685","Ravio","bamboohr","www"
"690","flatfair","smartrecruiters","flatfair"
"691","London House Exchange","greenhouse","london"
"692","Backbase","greenhouse","backbase"
"693","Gen H","breezy","gen"
"694","Leidos","workday","External"
"695","Houseful","workable","houseful"
"696","Bolt","teamtailor","bolt"
"697","Deskpro","teamtailor","deskpro"
"698","Nook","bamboohr","nook"
"699","Converge","workable","converge"
"700","Celonis","greenhouse","celonis"
"701","Kegstar","greenhouse","embed"
"706","Risk Ledger","greenhouse","riskledger"
"707","McKenzie Intelligence Services","bamboohr","mckenzie"
"709","University of Bath","greenhouse","university"
"711","LandTech","bamboohr","landtech"
"713","Attentive","greenhouse","attentive"
"716","Featurespace","greenhouse","featurespace"
"718","Sojern","greenhouse","sojern"
"719","Airship","greenhouse","airship"
"720","Deep Science Ventures","workable","deep-science-ventures"
"723","Signal AI","ashby","https://api.ashbyhq.com/posting-api/job-board/signal-ai"
"725","Clari","lever","clari"
"726","Volt","smartrecruiters","volt"
"727","Ophelos","greenhouse","ophelos"
"728","BrainStation","greenhouse","brainstation"
"730","Inspired Thinking Group (ITG)","workable","itg"
"731","Lendable","bamboohr","lendable"
"734","Rightship","greenhouse","rightship"
"737","Chetwood Bank","pinpoint","chetwood-bank"
"740","GEEIQ","pinpoint","geeiq"
"741","Spotify","lever","spotify"
"743","Shopify","smartrecruiters","shopify"
"746","Lottie","ashby","https://api.ashbyhq.com/posting-api/job-board/lottie"
"749","Chattermill","ashby","https://api.ashbyhq.com/posting-api/job-board/chattermill"
"756","Goji","workable","goji-investments-1"
"757","Dext","workable","dext"
"760","LivePerson","greenhouse","liveperson"
"762","Legl","teamtailor","legl"
"765","Goodnotes","greenhouse","goodnotes"
"767","Fandom","greenhouse","fandom"
"772","Flawless AI","ashby","https://api.ashbyhq.com/posting-api/job-board/flawless"
"774","SuperAwesome","bamboohr","superawesome"
"775","Anthropic","greenhouse","anthropic"
"777","B2C2","greenhouse","b2c2"
"779","JUMO","greenhouse","jumo"
"780","Artefact","greenhouse","artefact"
"783","Improbable","ashby","https://api.ashbyhq.com/posting-api/job-board/improbable"
"784","Ivalua","greenhouse","ivalua"
"786","Coefficient","workable","coefficient"
"787","Conjecture","bamboohr","conjecture"
"791","Osborne Clarke","bamboohr","osborne"
"792","Attio","ashby","https://api.ashbyhq.com/posting-api/job-board/attio"
"793","JOB TODAY","smartrecruiters","job"
"794","Relay","lever","relay"
"797","Dyson","smartrecruiters","dyson"
"800","Forage","workday","ryan/RyanCareers"
"801","Kao","greenhouse","kao"
"802","Conduktor","lever","conduktor"
"803","KETS","workday","cmcmarkets/CMC_Markets_Careers"
"805","OpenGamma","greenhouse","opengamma"
"806","Muddy Machines","icims","hines"
"808","Context","ashby","https://api.ashbyhq.com/posting-api/job-board/context"
"814","Globacap","teamtailor","globacap"
"820","Foundry","greenhouse","foundry"
"821","Antavo","teamtailor","antavo"
"822","NewDay","workday","newday/NewDay"
"823","Codat","ashby","https://api.ashbyhq.com/posting-api/job-board/codat"
"824","Mojo Mortgages","teamtailor","mojomortgages"
"825","Capital One","teamtailor","capitalone"
"826","Sky","smartrecruiters","sky"
"827","FreeAgent","pinpoint","app"
"829","Method","greenhouse","method"
"830","The Orchard","greenhouse","theorchard"
"832","Darktrace","workday","DarktaceExternal"
"833","Tricentis","workday","tricentis/Tricentis_Careers"
"834","Genius Sports","greenhouse","geniussports"
"836","Moody's","smartrecruiters","moodys"
"840","Sofar Sounds","lever","sofarsounds"
"841","Makers","breezy","makers"
"842","zeroheight","smartrecruiters","zeroheight"
"843","Hoxton Farms","greenhouse","diligentcorporation"
"848","Squire Technologies","smartrecruiters","squire"
"850","Paradigm","greenhouse","paradigm"
"851","Showpad","greenhouse","showpad"
"852","Ramp Network","greenhouse","rampnetwork"
"856","Lifebit","bamboohr","lifebit"
"857","Amplitude","greenhouse","amplitude"
"858","dscout","greenhouse","dscout"
"859","Scopely","greenhouse","scopely"
"860","JustPark","workable","justpark"
"861","32Co","lever","32Co"
"862","SingleStore","greenhouse","singlestore"
"863","Influencer","teamtailor","influencer"
"864","Permutive","ashby","https://api.ashbyhq.com/posting-api/job-board/permutive"
"867","Chime Group","greenhouse","chime"
"868","University of Oxford","greenhouse","university"
"869","GLMX","greenhouse","glmx"
"870","SmartBear","greenhouse","smartbear"
"873","Copper","greenhouse","copperco"
"875","Canva","smartrecruiters","Canva"
"876","Lightyear","smartrecruiters","lightyear"
"881","Unmade","teamtailor","unmade"
"883","Smartsheet","greenhouse","smartsheet"
"885","MerQube","greenhouse","merqube"
"886","Form3","greenhouse","form3"
"891","Privacy International","greenhouse","privacy"
"893","Datadog","greenhouse","datadog"
"894","Zopa","lever","zopa"
"895","Yonder","bamboohr","yonder"
"900","Financial Times","greenhouse","financialtimes33"
"902","OneTrust","greenhouse","onetrust"
"904","Watershed","greenhouse","watershed"
"906","Coupa","lever","coupa"
"908","UiPath","ashby","https://api.ashbyhq.com/posting-api/job-board/uipath"
"909","SAPI","bamboohr","sapi"
"910","Simprints","workable","simprints"
"912","Valtech","greenhouse","valtech"
"916","LogicGate","workday","external_careers"
"917","Ascend","workable","ascend-advanced-therapies"
"920","Phasecraft","teamtailor","phasecraft"
"921","PolyAI","greenhouse","polyai"
"925","Better Origin","workable","better-origin"
"927","Wayflyer","ashby","https://api.ashbyhq.com/posting-api/job-board/wayflyer"
"928","NetJets","smartrecruiters","netjets"
"929","Immersive Gamebox","greenhouse","immersive"
"930","Unify","lever","unify"
"932","Credit Benchmark","smartrecruiters","creditbenchmark"
"933","Plum Guide ","breezy","plum"
"934","Abound","ashby","https://api.ashbyhq.com/posting-api/job-board/abound"
"938","Paddle","ashby","https://api.ashbyhq.com/posting-api/job-board/paddle"
"939","IG Group","workday","ig/EXT_IG"
"943","NatWest","workday","natwestgroup/NatWest_Careers"
"946","Impala","teamtailor","impala"
"947","Zoe","ashby","https://api.ashbyhq.com/posting-api/job-board/zoe"
"949","Funding Circle","ashby","https://api.ashbyhq.com/posting-api/job-board/fundingcircle"
"950","LOGOS Legal Services","greenhouse","logos"
"951","Inflection","smartrecruiters","inflection"
"952","Patsnap","lever","patsnap"
"953","DICE","greenhouse","dicefm-careers"
"956","Klaviyo","greenhouse","klaviyo"
"957","Synthesia","bamboohr","synthesia"
"959","Sonovate","teamtailor","sonovate"
"960","Pixability","greenhouse","pixability"
"961","Amplience","pinpoint","amplience"
"962","Isla","teamtailor","isla"
"964","Quantum Dice","greenhouse","dicefm-careers"
"965","nPlan","breezy","nplan"
"966","Prosek Partners","greenhouse","prosek"
"967","Design Bridge & Partners","greenhouse","designbridge"
"968","Cognizant","smartrecruiters","cognizant"
"969","Elliptic","ashby","https://api.ashbyhq.com/posting-api/job-board/elliptic"
"970","Objective","lever","objective"
"972","Emitwise","lever","emitwise"
"973","Altium","greenhouse","altium"
"974","Learnerbly","bamboohr","learnerbly"
"975","OpenTable","greenhouse","opentable"
"976","CreativeX","greenhouse","creativex"
"977","Amnesty International","smartrecruiters","amnestyinternational"
"978","Coalition","greenhouse","coalition"
"979","Zenobe","bamboohr","zenobe"
"980","Toyota Connected","greenhouse","toyotaconnected"
"982","Logically","bamboohr","logically"
"983","Ezra","greenhouse","ezra"
"984","Brave","greenhouse","brave"
"985","LaunchDarkly","greenhouse","launchdarkly"
"986","intent.ly","bamboohr","intently"
"987","Moloco","greenhouse","moloco"
"990","Sona","ashby","https://api.ashbyhq.com/posting-api/job-board/sona"
"991","BVNK","greenhouse","bvnk"
"992","Proxymity","bamboohr","proxymity"
"993","Maze","ashby","https://api.ashbyhq.com/posting-api/job-board/mazedesign"
"995","Skyral","lever","skyralio"
"1002","VaynerMedia","greenhouse","vaynermedia"
"1006","BBC","breezy","bbc"
"1008","Lindus Health","ashby","lindushealth"
"1009","Blockchain.com","greenhouse","blockchain"
"1012","Nearform","greenhouse","nearform"
"1013","Edited","ashby","https://api.ashbyhq.com/posting-api/job-board/edited"
"1014","Fnatic","ashby","https://api.ashbyhq.com/posting-api/job-board/fnatic"
"1015","Refeyn","greenhouse","refeyn"
"1016","Thrive Networks","greenhouse","thrive"
"1017","Laka","workable","laka"
"1018","LHV","greenhouse","lhvuk"
"1019","Carbon13","bamboohr","carbonthirteen"
"1020","Dialpad","greenhouse","dialpad"
"1023","Jigsaw","ashby","https://api.ashbyhq.com/posting-api/job-board/jigsaw"
"1026","Cassini","bamboohr","cassini"
"1030","Board","bamboohr","board"
"1031","International WELL Building Institute","smartrecruiters","internationalwellbuildinginstitute"
"1033","Beauty Pie","smartrecruiters","beauty"
"1034","CloudNC","hibob","https://cloudnc.careers.hibob.com/api/job-ad"
"1037","New Relic","greenhouse","newrelic"
"1043","DELLI","workable","delli"
"1044","Crypto Quantique","smartrecruiters","cryptoquantique"
"1045","Wise","smartrecruiters","wise"
"1048","Energy Aspects","bamboohr","energyaspects"
"1057","Marqeta","greenhouse","marqeta"
"1058","techUK","smartrecruiters","tech"
"1062","Mission Zero Technologies","smartrecruiters","mission"
"1063","Butternut Box","greenhouse","butternutbox"
"1064","Optimove","greenhouse","optimove"
"1065","Capitolis","greenhouse","embed"
"1067","Masabi","ashby","masabi"
"1068","Atlassian","lever","atlassian"
"1069","TransferRoom","teamtailor","transferroom"
"1072","Outreach","lever","outreach"
"1073","Carta","greenhouse","carta"
"1074","GuestReady","teamtailor","app"
"1075","Intradiem","greenhouse","intradiem"
"1077","AXON","greenhouse","axonag"
"1078","Bloom & Wild","greenhouse","bloom"
"1080","Ruggable","greenhouse","ruggable"
"1083","Taptap Send","bamboohr","taptap"
"1084","Pact Coffee","teamtailor","pactcoffee"
"1085","Greenpeace UK","greenhouse","greenpeace"
"1086","Zuora","greenhouse","zuora"
"1087","Mytos","lever","mytos"
"1088","Talogy","smartrecruiters","talogy"
"1090","Noda","teamtailor","noda"
"1091","Kroo Bank","workable","kroo"
"1092","Mapbox","ashby","https://api.ashbyhq.com/posting-api/job-board/mapbox"
"1094","Raft","greenhouse","raft"
"1095","Yapily","bamboohr","yapily"
"1097","Boku","greenhouse","boku"
"1101","Blink","workable","joinblink"
"1103","Typeform","greenhouse","typeform"
"1104","NICE","greenhouse","nice"
"1105","Ledgy","greenhouse","ledgy"
"1107","Artlogic","greenhouse","artlogic"
"1109","Inflow","breezy","inflow"
"1112","A24","greenhouse","a24"
"1113","Figma","greenhouse","figma"
"1116","Translucent","greenhouse","translucent"
"1117","Seccl","ashby","https://api.ashbyhq.com/posting-api/job-board/seccl"
"1118","CMC Markets","workday","CMC_Markets_Careers"
"1119","Datatonic","ashby","https://api.ashbyhq.com/posting-api/job-board/datatonic"
"1137","Acre","breezy","acre"
"1139","Contentsquare","lever","contentsquare"
"1143","Nory","ashby","https://api.ashbyhq.com/posting-api/job-board/nory"
"1144","Hello Klean","breezy","hello"
"1151","Sensat","ashby","https://api.ashbyhq.com/posting-api/job-board/sensat"
"1152","Hack the Box","workable","hack-the-box-ltd"
"1154","Nourished","smartrecruiters","nourished"
"1156","Pasta Evangelists","teamtailor","pastaevangelists"
"1157","RevLifter","bamboohr","revlifter"
"1162","Veremark","smartrecruiters","veremark"
"1164","Sprout","bamboohr","sprout"
"1173","Genflow","breezy","genflow"
"1174","Creoate","breezy","creoate"
"1182","Tumelo","bamboohr","tumelo"
"1184","National Grid","greenhouse","national"
"1185","Medivet","workday","medivet/MedivetCareers"
"1187","Oxa","teamtailor","oxa"
"1190","Studio Gobo","breezy","studio"
"1192","Flagstone","greenhouse","flagstone"
"1198","Nomios","bamboohr","nomios"
"1200","Disperse","breezyhr","disperse"
"1202","Eleven Therapeutics","bamboohr","eleventx"
"1205","Koru Kids","smartrecruiters","korukids"
"1208","Habito","bamboohr","habito"
"1210","Digimarc","lever","digimarc"
"1211","Freenow","greenhouse","freenow"
"1213","Atticus","hibob","https://atticus.careers.hibob.com/api/job-ad"
"1215","Adzuna","smartrecruiters","adzuna"
"1216","WNS","smartrecruiters","wns"
"1217","Captify","smartrecruiters","captify"
"1218","Avantia","workable","avantialaw"
"1220","Cogna","workable","cogna"
"1221","Kitt","workable","kitt"
"1222","Roli","teamtailor","roli"
"1224","Ochre Bio","bamboohr","ochrebio"
"1225","PACT","greenhouse","pact"
"1226","PillSorted","breezy","pillsorted"
"1229","Universal Quantum","teamtailor","universalquantum"
"1235","Huboo","teamtailor","huboo"
"1243","Sphere","bamboohr","sphere"
"1244","Supercede","bamboohr","supercede"
"1245","Medtronic","workday","medtronic/MedtronicCareers"
"1247","Papaya","greenhouse","papaya"
"1254","Zaptic","teamtailor","zaptic"
"1256","Sonos","smartrecruiters","sonos"
"1258","Groupon","greenhouse","groupon"
"1259","Sage","greenhouse","sage"
"1262","Cledara","workable","cledara"
"1263","Currencycloud","smartrecruiters","v1"
"1264","Visa","smartrecruiters","visa"
"1266","Meniga","bamboohr","meniga"
"1272","Thingtrax","teamtailor","thingtrax"
"1274","AI Safety Institute","greenhouse","aisi"
"1275","TrueLayer","greenhouse","truelayer"
"1276","Kota","ashby","https://api.ashbyhq.com/posting-api/job-board/kota"
"1278","Autodesk","workday","autodesk/Ext"
"1279","Zeal","teamtailor","zeal"
"1280","Token","lever","token"
"1281","ALL.SPACE","workable","allspace"
"1284","Spire","greenhouse","spire"
"1285","interactive investor","greenhouse","ii"
"1293","Action for Children","greenhouse","action"
"1295","Solve Intelligence","ashby","https://api.ashbyhq.com/posting-api/job-board/solveintelligence"
"1296","ClimeTrek","ashby","Lime"
"1298","SSE","smartrecruiters","sse"
"1299","HarbourVest","workday","HVP"
"1300","Outlier Ventures","ashby","https://api.ashbyhq.com/posting-api/job-board/cryptio"
"1305","Change.org","ashby","https://api.ashbyhq.com/posting-api/job-board/change"
"1311","Unibuddy","teamtailor","unibuddy"
"1312","Flo","bamboohr","flo"
"1315","Elvie","greenhouse","willow-blossom"
"1318","CarbonChain","greenhouse","carbonchain"
"1320","ev.energy","smartrecruiters","ev"
"1321","TransferGo","greenhouse","transfergo"
"1323","ClearScore","greenhouse","clearscoretechnologylimited"
"1324","Kriya","workable","kriya"
"1325","Relation Therapeutics","ashby","https://api.ashbyhq.com/posting-api/job-board/relationrx"
"1329","Cytora","ashby","cytora.com"
"1330","Modo Energy","greenhouse","modoenergy"
"1333","Brilliant Planet","lever","brilliant"
"1334","MAIHEM","ashby","https://api.ashbyhq.com/posting-api/job-board/maihem"
"1335","Homebox","teamtailor","homebox"
"1336","Starling Bank","teamtailor","starlingbank"
"1337","FintechOS","bamboohr","fintechos"
"1339","Tripledot Studios","greenhouse","tripledotstudios"
"1340","Carbon Clean","greenhouse","carbon"
"1346","Napier AI","smartrecruiters","napier"
"1349","Isometric","ashby","https://api.ashbyhq.com/posting-api/job-board/isometric"
"1352","Instanda","teamtailor","instanda"
"1357","Forecast","bamboohr","forecasthq"
"1360","Doctify","bamboohr","doctify"
"1364","Selina Finance","recruitee","selinafinance"
"1366","Brsk","teamtailor","app"
"1369","Revalue","teamtailor","revalue"
"1373","DNA Payments","teamtailor","dnapayments"
"1374","Recognise Bank","lever","recognisebank"
"1375","PRODA","bamboohr","proda"
"1376","Entia","bamboohr","entia"
"1377","Cynergy Bank","smartrecruiters","cynergy"
"1379","ZigZag Global","pinpoint","zigzag"
"1382","pawaPay","greenhouse","pawapay"
"1384","StrideUp","workable","strideup"
"1387","Windracers","bamboohr","windracers"
"1389","Epsilogen","bamboohr","epsilogen"
"1393","ZELP","bamboohr","zelp"
"1396","InstaDeep","bamboohr","instadeep"
"1397","Zetland Capital","bamboohr","zetlandcapital"
"1399","Simply Asset Finance","greenhouse","simply"
"1401","Beacon","bamboohr","beacon"
"1404","Elwood Technologies","greenhouse","xdesign"
"1405","Ampersand Partners","greenhouse","ampersand"
"1406","OneDome","breezy","onedome"
"1407","Sequence","bamboohr","sequence"
"1412","Currencies Direct","greenhouse","currenciesdirect"
"1413","Mention Me","workable","mention-me-ltd"
"1415","AviadoBio","workable","aviadobio"
"1416","Qflow","smartrecruiters","qflow"
"1417","General Index","hibob","generalindex"
"1428","Seat Unique","smartrecruiters","v1"
"1431","SDCl Group","bamboohr","sdclgroup"
"1434","Leah","bamboohr","leah"
"1435","Resolution Therapeutics","smartrecruiters","resolutiontherapeutics"
"1437","Venari Security","bamboohr","venarisecurity"
"1439","Jones Food Company","bamboohr","jones"
"1443","Tropic","bamboohr","tropicbioscience"
"1444","Re-Leased","greenhouse","released"
"1447","Napo","bamboohr","napo"
"1453","Splyt","bamboohr","splyt"
"1456","Pai Skincare","breezy","pai-skincare"
"1458","UpdraftPlus","workable","teamupdraft"
"1464","Medefer","teamtailor","medefer"
"1466","HICX","workable","hicx-solutions"
"1467","Gresham House","smartrecruiters","gresham"
"1469","Moonpig","lever","moonpig"
"1470","hackajob","smartrecruiters","hackajob"
"1473","Core Power","bamboohr","corepowerenergy"
"1477","Orca Computing","greenhouse","orca"
"1480","Omeda Studios","teamtailor","omedastudios"
"1482","Aermont","bamboohr","aermont"
"1483","Lantum","workable","lantum"
"1487","Trading 212","ashby","https://api.ashbyhq.com/posting-api/job-board/trading212"
"1490","Railpen","workday","Railpen"
"1492","Makor Group","bamboohr","makorgroup"
"1497","Guild Esports","greenhouse","guild"
"1501","Hidden Road","greenhouse","hiddenroad"
"1503","The Thinking Traveller","teamtailor","thethinkingtraveller"
"1505","Valarian","lever","valarian"
"1510","Humaans","ashby","https://api.ashbyhq.com/posting-api/job-board/humaans"
"1511","Paragraf","teamtailor","paragraf"
"1513","Riverlane","greenhouse","riverlane"
"1515","Ledger","ashby","https://api.ashbyhq.com/posting-api/job-board/ledger"
"1516","Sixfold ","greenhouse","sixfold"
"1517","FocalPoint","bamboohr","focalpoint"
"1518","ICEYE","workable","iceye"
"1522","7bridges","bamboohr","the7bridges"
"1524","Contilio","teamtailor","contilio"
"1525","AccelerComm","pinpoint","accelercomm"
"1527","Archangel Lightworks","breezy","archangellightworks"
"1528","Advanced Electric Machines (AEM)","bamboohr","advancedelectricmachines"
"1530","Barinthus Biotherapeutics","bamboohr","barinthusbio"
"1531","Bicycle ","smartrecruiters","BicycleTherapeutics"
"1533","bit.bio","greenhouse","bitbio"
"1535","Cambridge GaN Devices (CGD)","breezy","cambridge"
"1536","Carbon Re","greenhouse","carbon"
"1540","CS Genetics","bamboohr","csgeneticsltd"
"1541","Diffblue","bamboohr","diffblue"
"1542","Dukosi","bamboohr","dukosi"
"1543","Evolito","workday","evolito/Evolito_Career_Site"
"1544","First Light Fusion","breezy","first"
"1545","Forefront RF","smartrecruiters","forefront"
"1546","Genomics","ashby","https://api.ashbyhq.com/posting-api/job-board/genomics"
"1547","iGii","bamboohr","integratedgraphene"
"1548","Gilead","workday","gileadcareers"
"1551","Carnall Farrar (CF)","workable","carnallfarrar"
"1553","Nucleome","bamboohr","nucleome"
"1555","Osler Diagnostics","greenhouse","oslerdiagnostics"
"1561","Quotient Sciences","greenhouse","quotient"
"1562","Secondmind","bamboohr","secondmind"
"1563","T-Cypher Bio","bamboohr","tcypher"
"1566","YASA","bamboohr","yasa"
"1569","Black Swan Data","greenhouse","blackswan"
"1571","Collectiv Food","breezy","collectiv"
"1572","Anton","smartrecruiters","anton"
"1573","Tabeo","breezy","tabeo"
"1574","Get Living","breezy","get"
"1575","LivaNova","smartrecruiters","livanova"
"1577","Hived","teamtailor","hivedhq"
"1579","Mintel ","greenhouse","mintel"
"1580","Springer Nature","smartrecruiters","springernature"
"1581","Smart Pension","smartrecruiters","smart"
"1582","HSBC Innovation Bank","workday","hsbc/External"
"1584","Hikma","successfactors","hikma"
"1587","Miller Insurance","teamtailor","millerinsurance"
"1588","FRP Advisory ","smartrecruiters","frpadvisory"
"1589","Open Health Group","teamtailor","openhealthgroup"
"1590","Collinson Group","workday","collinsongroup/The_Collinson_Group_External"
"1592","Baringa","greenhouse","baringa"
"1595","Economist","greenhouse","theeconomistgroup"
"1598","Mountain Warehouse","teamtailor","mountainwarehouse"
"1599","Trayport","workday","tmx/Trayport_Careers"
"1600","Genomics England","smartrecruiters","genomicsengland"
"1601","Greenergy","pinpoint","greenergy"
"1602","Ebiquity ","bamboohr","ebiquity"
"1605","Decathlon","smartrecruiters","decathlon"
"1606","Monex","workday","monex/Careers"
"1611","Rightmove","greenhouse","rightmovecareers"
"1612","OC&C Strategy","bamboohr","occstrategy"
"1616","Amwins","greenhouse","amwins"
"1618","Treatwell","bamboohr","treatwell"
"1621","Fdm Group","smartrecruiters","fdmgroup"
"1622","The Workshop","smartrecruiters","theworkshop"
"1624","HCA Healthcare UK","workday","hcacareers"
"1626","Costello Medical","workable","costello-medical"
"1627","Rapyd","teamtailor","rapyd"
"1628","AlphaWave Semi","workday","Alphawave_External"
"1629","10x Banking","workable","10xbanking"
"1632","Dynata","workday","careers"
"1633","Minviro","teamtailor","minviro"
"1634","Earlybird VC","lever","earlybird"
"1635","Quanteam UK","teamtailor","quanteamuk"
"1636","AXA UK","smartrecruiters","axa"
"1637","Wipro","breezy","wipro"
"1638","Deloitte","smartrecruiters","deloitte"
"1639","Unilever","workday","unilever/External"
"1641","Centrica","workday","Centrica"
"1645","KPMG","lever","kpmg"
"1647","Skanska","smartrecruiters","skanska"
"1648","SLR Consulting","teamtailor","slrconsulting"
"1652","EY","smartrecruiters","ey"
"1653","NTT Data","bamboohr","nttdata"
"1654","TP ICAP","smartrecruiters","tpicap"
"1658","Travis Perkins","ashby","https://api.ashbyhq.com/posting-api/job-board/perk"
"1659","PwC UK","breezy","pwc"
"1660","McKinsey & Company","smartrecruiters","mckinseycompany"
"1661","Morgan Stanley","smartrecruiters","morganstanley"
"1664","Bain Capital","workday","baincapital/External_Public"
"1665","Wells Fargo","smartrecruiters","wellsfargo"
"1666","Broadridge","workday","Careers"
"1670","Jupiter Asset Management","workday","jupiter_careers"
"1672","Sony PlayStation","greenhouse","naughtydog"
"1674","Omnicom Media Group UK","greenhouse","omguk"
"1676","Oxford University Press","greenhouse","corp"
"1677","Daily Mail and General Trust (DMGT)","greenhouse","dmgt"
"1678","RingCentral","workday","ringcentral/RingCentral_Careers"
"1679","Rocket Software","smartrecruiters","rocketsoftware"
"1680","esure Group","smartrecruiters","esureGroup"
"1681","PostHog","ashby","https://api.ashbyhq.com/posting-api/job-board/posthog"
"1683","Canada Goose","workday","CanadaGooseCareers"
"1686","JPMorganChase","jpmc","jpmc"
"1687","Cleantech Group","smartrecruiters","cleantechgroup"
"1689","Jaguar Land Rover (JLR)","smartrecruiters","jaguarlandrover"
"1690","NHS","custom_nhs","https://www.jobs.nhs.uk/candidate/search/results?workingPattern=full-time&contractType=Permanent&payRange=30-40%2C40-50%2C50-60%2C60-70%2C70-80%2C80-90%2C90-100%2C100&language=en"
"1691","DNEG","jobvite","double-negative-visual-effects"
"1694","Land Securities (Landsec)","workday","Landseccareers"
"1695","Rolls-Royce","workday","rollsroyce/Careers"
"1696","Grant Thornton","workday","CareersGrantThornton"
"1697","Oracle","bamboohr","oracle"
"1698","T.D. Williamson","workday","tdwilliamson/TDWCareers"
"1699","Shell","workday","shell/ShellCareers"
"1700","Barclays","workday","External_Career_Site_Barclays"
"1701","SAP","smartrecruiters","sap"
"1702","Guardian News & Media","bamboohr","guardian"
"1703","Vodafone","workday","vodafone/Careers_Vodafone"
"1705","Hippo Labs","bamboohr","hippolabs"
"1706","Moneycorp","jobvite","moneycorp"
"1708","Haleon","workday","gsknch/GSKCareers"
"1710","McLaren Racing","recruitee","racingcareers.mclaren.com"
"1711","Mercedes-AMG PETRONAS Formula One Team","workday","mbgp/Mercedes-AMGF1"
"1712","GSK","workday","gsk/Pharma"
"1713","Oracle Red Bull Racing","workday","redbulltechnology/RB_Racing"
"1715","Metro Bank","avature","metrobank"
"1716","Marks and Spencer","workday","marksandspencer/MSCareers"
"1718","Harrods","workday","Harrods_External1"
"1719","Sophos","lever","sophos"
"1722","Fortinet","smartrecruiters","fortinet"
"1723","CityFibre","smartrecruiters","cityfibre"
"1724","Octopus Energy","lever","octoenergy"
"1725","Meta","smartrecruiters","meta"
"1726","Goldman Sachs","goldmansachs","goldmansachs"
"1727","Amazon","amazon","amazon"
"1728","Google DeepMind","greenhouse","deepmind"
"1729","Samsung Electronics","smartrecruiters","samsungelectronics"
"1730","BAE Systems","bamboohr","baesystems"
"1731","Scarlet","ashby","https://api.ashbyhq.com/posting-api/job-board/scarlet"
"1732","Apple","smartrecruiters","apple"
"1733","Google","google","google"
"1736","WTW","smartrecruiters","wtw"
"1737","Lloyds Banking Group","workday","LBG_Careers"
"1738","Diageo","workday","Diageo_Careers"
"1742","SmartestEnergy","teamtailor","smartestenergy"
"1743","EquiLend","greenhouse","equilend"
"1744","Hexaware","breezy","hexaware"
"1745","WSD","bamboohr","wsd"
"1746","Reach","greenhouse","reach"
"1747","Thomson Reuters","workday","thomsonreuters/External_Career_Site"
"1748","Adobe","workday","external_experienced"
"1750","Experian","smartrecruiters","v1"
"1751","Intuit","oracle_cloud","intuit"
"1754","Digital Catapult","workable","digital-catapult"
"1755","Mimecast","workday","mimecast/Mimecast-Careers"
"1756","NVIDIA","smartrecruiters","nvidia"
"1757","ServiceNow","smartrecruiters","servicenow"
"1758","Wellcome Sanger Institute","bamboohr","wellcome"
"1762","Booking.com","smartrecruiters","bookingcom"
"1764","Credera","greenhouse","credera"
"1765","KnowBe4","greenhouse","knowbe4"
"1766","Epicor","workday","epicorsoftware/epicorjobs"
"1767","Expedia Group","smartrecruiters","expediagroup"
"1768","Hitachi Solutions","smartrecruiters","HitachiSolutions"
"1769","Liberty IT","bamboohr","liberty"
"1771","AbbVie","smartrecruiters","v1"
"1772","AJ Bell","smartrecruiters","v1"
"1773","Version 1","smartrecruiters","version1"
"1774","Capgemini","breezy","capgemini"
"1776","Linklaters","workday","Linklaters"
"1778","Kantar","workday","KANTAR"
"1779","Save the Children","smartrecruiters","savethechildren"
"1780","Next","teamtailor","seraphine"
"1782","Anglo American","smartrecruiters","v1"
"1783","Babcock","smartrecruiters","babcock"
"1784","Phoenix Software","breezy","phoenix"
"1785","BDO UK","workday","bdouk/BDO_Careers"
"1786","Unum UK","smartrecruiters","unum"
"1787","Turner & Townsend","smartrecruiters","turnertownsend"
"1788","Take-Two Interactive","greenhouse","taketwo"
"1789","Boston Consulting Group (BCG)","bamboohr","bcg"
"1790","Insight","smartrecruiters","insight"
"1791","Proofpoint","workday","proofpoint/ProofpointCareers"
"1792","RWS Group","lever","rws"
"1793","Seamflow","ashby","https://api.ashbyhq.com/posting-api/job-board/seamflow"
"1794","Definely","ashby","definelycareers"
"1798","Payoneer","greenhouse","payoneer"
"1799","Healf","teamtailor","healf"
"1800","MOTORS","teamtailor","motors"
"1801","IVC Evidensia","teamtailor","ivcevidensia"
"1803","Elyos AI","ashby","https://api.ashbyhq.com/posting-api/job-board/elyos"
"1805","Praktika.ai","teamtailor","praktika"
"1806","Jensen Hughes","greenhouse","jensenhughes"
"1810","Bedford Citizens Housing Association","breezy","bedford"
"1814","Insurance Insider","bamboohr","insuranceinsider"
"1816","Marketbridge","smartrecruiters","marketbridge"
"1818","FundApps","smartrecruiters","fundapps"
"1819","One Trading","bamboohr","one"
"1820","Joymo","bamboohr","joymo"
"1823","Pophouse","hibob","https://pophouseenter-92c3b7.careers.hibob.com/api/job-ad"
"1824","Atominvest","ashby","https://api.ashbyhq.com/posting-api/job-board/atominvest"
"1828","Cardo","smartrecruiters","cardo"
"1829","Cura Terrae","smartrecruiters","et"
"1832","Intrepid Growth Partners","bamboohr","intrepid"
"1835","Sutherland","smartrecruiters","sutherland"
"1840","GMP Manufacturing","greenhouse","gmp"
"1845","Nimble Elearning","bamboohr","nimble"
"1849","Mimo","teamtailor","app"
"1850","AFS Group","smartrecruiters","afs"
"1854","Inizio Evoke","greenhouse","inizioevoke"
"1855","Tribe Infrastructure Group","bamboohr","tribe"
"1856","S&W","smartrecruiters","sw"
"1857","Oxford Ionics","workable","oxford-ionics"
"1858","Make","greenhouse","make"
"1859","Mann Williams","bamboohr","mann"
"1862","Sofina","bamboohr","advancedelectricmachines"
"1865","Castle Fine Art","smartrecruiters","castle"
"1867","La Caisse","workday","cdpq/CDPQ"
"1870","CTI","greenhouse","cti"
"1872","Dometic","teamtailor","dometic"
"1878","Lovable","ashby","https://api.ashbyhq.com/posting-api/job-board/lovable"
"1879","Proteus Marine Renewables","bamboohr","proteus"
"1880","Talan","smartrecruiters","talan"
"1887","Lead Edge Capital","greenhouse","lead"
"1888","Reflection AI","ashby","https://api.ashbyhq.com/posting-api/job-board/reflectionai"
"1891","Tilt","bamboohr","tilt"
"1892","Deployflow","bamboohr","deployflow"
"1896","Newton Vision Co.","bamboohr","newtonvisioncorp"
"1898","Gravita","teamtailor","gravita"
"1899","Together Group","smartrecruiters","together"
"1906","JHA LLP","bamboohr","jha"
"1910","Vercel","greenhouse","vercel"
"1914","Elcom Projects","breezy","elcom"
"1918","Global Branded Residences","breezy","global"
"1921","HMT","bamboohr","hmt"
"1925","MRG Studio","smartrecruiters","mrg"
"1927","Tribe Impact Capital","bamboohr","tribe"
"1928","Vision Launch","smartrecruiters","vision"
"1931","Jack & Jill","breezy","jack"
"1932","GVI","bamboohr","gvi"
"1933","Kadmos","greenhouse","kadmos3"
"1945","Hybrid Air Vehicles","teamtailor","hybridairvehicleslimited"
"1946","Nano Fibre UK","breezy","nano-fibre-uk"
"1947","Renaissance Strategic Advisors","bamboohr","rsadvisors"
"1950","Autonomy Capital","bamboohr","autonomycapital"
"1951","Blue Whale Growth Fund","lever","blue"
"1952","Brindisa","teamtailor","brindisa"
"1957","SHS Drinks","breezy","shs"
"1958","Studio Ulster","breezy","studio"
"1959","Leap Labs","greenhouse","leap"
"1960","Fyxer AI","ashby","https://api.ashbyhq.com/posting-api/job-board/fyxer"
"1962","Kraken","lever","kraken123"
"1967","Penta Precision","teamtailor","pentaprecision"
"1974","Revolution Viewing","bamboohr","revolution"
"1979","XBP Europe","workday","bp/BP_careers_home"
"1981","IMG","workday","wwecorp/IMG"
"1982","London North Eastern Railway","greenhouse","london"
"1984","ManvsMachine","greenhouse","manvsmachine"
"1987","Snap Inc.","smartrecruiters","snapinc"
"1988","Paramount Commerce","bamboohr","paramountcommerce"
"1989","Space NK","breezy","space-nk"
"1990","Thrive","greenhouse","thrive"
"1996","FLS","bamboohr","fls"
"1997","Vitrue Health","teamtailor","vitruehealth"
"2006","Scotch Partners","greenhouse","scotch"
"2007","Motion Applied","bamboohr","applied"
"2008","Sierra","ashby","https://api.ashbyhq.com/posting-api/job-board/sierra"
"2010","PEP Health","greenhouse","pep"
"2018","Lime","ashby","Lime"
"2019","Fractile","greenhouse","fractile"
"2020","Carrier","workday","jobs"
"2023","CUR8","workable","cur8earth"
"2028","Flint Bishop","bamboohr","flint"
"2029","IFCO","workday","ifcosystems/Ausbildung-Kaufmann-frau-fr-Bromanagement--m-w-d-_JR00002813"
"2030","Inspired Testing","breezy","inspired-testing"
"2031","LIGANOVA MaSH!","personio","liganova-mash"
"2032","Loop","lever","loopreturns"
"2036","ROLLER","greenhouse","roller"
"2037","Sonoco","workday","sonoco/CorporateCareers"
"2040","Wild Nutrition","breezy","wild"
"2043","A&B Engineering","bamboohr","abengineering"
"2045","Santander UK","workday","santander/SantanderCareers"
"2048","Ascend Studio","greenhouse","ascend"
"2050","Biaco","smartrecruiters","bia"
"2052","Cloudorizon","smartrecruiters","cloudorizon"
"2054","Fair Finance","teamtailor","fairfinance"
"2055","easyHotel","bamboohr","easyhotel"
"2061","Fleetcraft","ashby","https://api.ashbyhq.com/posting-api/job-board/fleetcraft"
"2064","Checkatrade","ashby","https://api.ashbyhq.com/posting-api/job-board/checkatrade"
"2066","Jigsaw","bamboohr","jigsaw"
"2067","Knight Architects","smartrecruiters","knight"
"2073","McDermott Will & Schulte","workday","mwe/mwe_careers"
"2079","SEP (Scottish Equity Partners)","lever","sep"
"2080","SLH","bamboohr","slh"
"2081","Stacklok","greenhouse","stacklok"
"2086","Clearer.io","lever","clearer"
"2087","Deluxe","workday","Deluxe_External"
"2088","Marshall","workday","marshall/Marshall_Group"
"2091","&us","greenhouse","us"
"2094","Nova Pangaea Technologies","breezy","nova"
"2095","Qlar","workday","qlar/Qlar_Careers"
"2107","Odin Partnership","ashby","odin"
"2109","Project London","bamboohr","project"
"2114","Level Zero Health","lever","level-zero-health"
"2118","Red Rhino","breezy","red-rhino"
"2121","Channelscaler","bamboohr","channelscaler"
"2122","Hebbia","greenhouse","hebbia"
"2125","M3.agency","greenhouse","m3"
"2126","Open Cages","smartrecruiters","open"
"2127","Applied Intuition","oracle_cloud","intuit"
"2131","Street Crane","smartrecruiters","street"
"2133","Fidelity International","breezy","fidelity"
"2134","Atlantica","smartrecruiters","atlantica"
"2137","Mockingbird Raw Press","bamboohr","mockingbird"
"2138","NewStore","bamboohr","newstore"
"2141","Handshake","greenhouse","handshake"
"2142","Harvey","ashby","harvey"
"2145","Runna","ashby","https://api.ashbyhq.com/posting-api/job-board/runna"
"2147","nVent","workday","nVent"
"2150","Hughes Fowler Carruthers","smartrecruiters","hughes"
"2151","JetBrains","greenhouse","jetbrains"
"2152","Jumpstart","breezy","jumpstart"
"2155","Emperia","breezy","emperia"
"2158","Milton Advisers","greenhouse","milton"
"2159","Puck Studio","bamboohr","puck"
"2160","Royal Museums Greenwich","bamboohr","rmg"
"2161","Yahoo","smartrecruiters","yahoo"
"2165","Restrata","smartrecruiters","restrata"
"2167","Side","teamtailor","side"
"2168","GBS Disputes","breezy","gbs"
"2170","Stanton Chase","bamboohr","stantonchase"
"2171","Media Finance Capital","breezy","media"
"2178","Family Office Tax","breezy","family"
"2185","CHPK Group","pinpoint","celnor"
"2186","KnowledgeBrief","bamboohr","knowledgebrief"
"2189","Gates Corporation","successfactors","gates"
"2190","ION Science","bamboohr","ion"
"2191","Omega","smartrecruiters","omega"
"2200","Sensor Tower","lever","sensortower"
"2201","VusionGroup","smartrecruiters","VusionGroupSA"
"2202","Alcatel-Lucent Enterprise","smartrecruiters","alcatellucent"
"2208","Source.dev","lever","source"
"2209","Universal Matter","greenhouse","universal"
"2214","BEYOND","greenhouse","beyond"
"2218","Multiplier","bamboohr","multiplier"
"2221","Thirdway","bamboohr","thirdway"
"2223","Young Enterprise","breezy","young"
"2227","Forcepoint","workday","forcepoint/external-careers"
"2228","GlobalFoundries","workday","globalfoundries/External"
"2229","Hive Autonomy","greenhouse","hive"
"2232","Recurly","workable","recurly"
"2233","RoslinCT","teamtailor","roslinct"
"2236","Ansatz Capital","lever","ansatzcapital"
"2237","Arcadia Impact","lever","arcadia"
"2238","Champion Communications","greenhouse","champion"
"2239","Data Intellect","smartrecruiters","dataintellect"
"2240","Evolution Markets","bamboohr","evolution"
"2243","Brave Bison","bamboohr","bravebison"
"2245","Studio RHE","breezy","studio"
"2247","Furbnow","smartrecruiters","furbnow"
"2249","IHSS","smartrecruiters","ihss"
"2252","OLR","bamboohr","olr"
"2256","Aalyria","rippling","https://ats.rippling.com/aalyria-careers/jobs"
"2257","AddSecure","teamtailor","www"
"2258","Armada Music","greenhouse","armada"
"2259","Daisy Communications","smartrecruiters","v1"
"2263","BIC","smartrecruiters","eu"
"2266","Willis Re","workday","willisre/logo"
"2267","Agio Ratings","greenhouse","agio"
"2270","Aptiv","workday","aptiv/APTIV_CAREERS"
"2271","Bracket","smartrecruiters","bracket"
"2272","Ema","ashby","https://api.ashbyhq.com/posting-api/job-board/ema"
"2274","Smarkets","ashby","https://api.ashbyhq.com/posting-api/job-board/smarkets"
"2275","EMV Capital","bamboohr","netscientific"
"2276","FutureOn","bamboohr","futureon"
"2281","SubSea Craft","bamboohr","subseacraft"
"2283","M Group","bamboohr","mgroup"
"2284","Bond","breezy","bond"
"2288","RTL Deutschland","greenhouse","company"
"2293","OpenCoreOS","ashby","https://api.ashbyhq.com/posting-api/job-board/opencoreos"
"2295","MW Eat","smartrecruiters","mweat"
"2297","Scissero","teamtailor","scissero"
"2298","Premier Dental Clinic","smartrecruiters","premier"
"2299","Proteus FaÃ§ades","bamboohr","proteus"
"2303","UCR Group","smartrecruiters","ucr"
"2304","1GLOBAL","workable","1global"
"2311","ZoomInfo","greenhouse","zoominfo"
"2317","Cisco","workday","Cisco_Careers"
"2322","J.D. Power","bamboohr","autovista"
"2323","Reltio","greenhouse","reltio"
"2325","Triton Restoration","bamboohr","triton"
"2329","Accent Catering","smartrecruiters","accent"
"2332","Medical Connections","smartrecruiters","medical"
"2334","Qargo","teamtailor","www"
"2336","Roam","bamboohr","roam"
"2337","Batt","teamtailor_html","https://breathebatterytechnologies.teamtailor.com/jobs"
"2338","Empower Translate","smartrecruiters","empower"
"2346","BSA","smartrecruiters","bsa"
"2348","Centra","teamtailor","centra"
"2349","Europa Worldwide Group","bamboohr","europa"
"2350","IRIS","greenhouse","iris"
"2352","Open Hydro","smartrecruiters","open"
"2353","Pfizer","smartrecruiters","pfizer"
"2355","Recraft","ashby","recraft"
"2359","CSM Architects","smartrecruiters","csm"
"2361","Fender","greenhouse","fender"
"2362","Flexiform","bamboohr","flexiform"
"2367","New Gradient","greenhouse","new"
"2368","Premier Marinas","smartrecruiters","premier"
"2369","St. Georgeâ€™s Crypt","teamtailor","st"
"2372","ADEC Innovations","smartrecruiters","adecinnovations"
"2373","ADVANCE AI","bamboohr","advancedelectricmachines"
"2378","Indefi","teamtailor","indefi"
"2386","Goods & Services","greenhouse","goodsservices"
"2387","Keyfactor","greenhouse","keyfactorinc"
"2388","Panache","smartrecruiters","panache"
"2389","EUROWAG","hibob","https://eurowaggroup.careers.hibob.com/api/job-ad"
"2392","Appian Capital Advisory","greenhouse","appian"
"2395","CGC","breezy","cgc"
"2397","Curve Games","teamtailor","curvegames"
"2401","Elliot Scientific","breezy","elliot"
"2405","Helix","bamboohr","helix"
"2413","Preply","ashby","https://api.ashbyhq.com/posting-api/job-board/preply"
"2415","Mirion","teamtailor","mirion"
"2424","Roundabout","breezy","roundabout"
"2426","UST HealthProof","smartrecruiters","ust"
"2427","Wawa Fertility","bamboohr","wawafertility"
"2429","Aspora","ashby","https://api.ashbyhq.com/posting-api/job-board/Aspora"
"2430","RBC","breezy","rbc"
"2431","Fero","ashby","https://api.ashbyhq.com/posting-api/job-board/Ferovinum"
"2433","Granola","ashby","https://api.ashbyhq.com/posting-api/job-board/granola"
"2434","Capi Money","ashby","https://api.ashbyhq.com/posting-api/job-board/capimoney"
"2435","Glyphic","personio","glyphic"
"2437","Aethos","lever","aethoshotels"
"2438","Baker Tilly","bamboohr","bakertilly"
"2441","CloudBees","bamboohr","cloudbees"
"2442","ICG","workday","external_careers"
"2444","OrganOx","workable","organox"
"2446","Overmind","lever","overmind"
"2447","Meticulous","ashby","https://api.ashbyhq.com/posting-api/job-board/meticulous"
"2448","Joy","breezy","joy"
"2451","ClearBank","ashby","clearbank"
"2452","Flagship Pioneering","bamboohr","flagship"
"2459","Weco AI","breezy","weco"
"2462","Barron McCann","smartrecruiters","barronmccann"
"2463","Bud Systems","bamboohr","bud"
"2466","Midnite","workable","midnite"
"2473","Titania","teamtailor","titania"
"2476","Relm Insurance","greenhouse","relminsuranceukltd"
"2480","LLC Global","smartrecruiters","llc"
"2485","Pliant","bamboohr","pliant"
"2497","brown + company","smartrecruiters","brown"
"2503","JNE Partners LLP","bamboohr","jne"
"2507","Cancer Research UK (CRUK)","workday","External_Careers"
"2509","Focused.io","greenhouse","focused"
"2512","Archer Humphryes Architects","greenhouse","archer"
"2516","ClearRoute","teamtailor","clearroute"
"2517","Founders Forum Group","workable","foundersforum"
"2521","Dan Pearson Studio","bamboohr","dan"
"2525","Lawson West Solicitors","bamboohr","lawson"
"2527","Neuberger Berman","workday","nb/NBCareers"
"2530","Mitratech","greenhouse","mitratech"
"2532","Candy Kittens","teamtailor","candykittens"
"2533","Shield Space","greenhouse","shield"
"2534","ABM UK","workable","abm-careers"
"2536","La Nouvelle Garde","teamtailor","app"
"2539","Fidenda","bamboohr","fidenda"
"2543","Antithesis","ashby","https://api.ashbyhq.com/posting-api/job-board/antithesis"
"2544","Options","smartrecruiters","options"
"2545","CAVU Aerospace UK","bamboohr","cavu"
"2547","Mike Kogan Consulting","smartrecruiters","mike"
"2548","Phoenix Equity Partners","breezy","phoenix"
"2551","Figment","greenhouse","figment"
"2553","Chase Buchanan","smartrecruiters","chase"
"2554","Seesaw Learning","greenhouse","seesaw"
"2557","SURE Solutions","lever","sure"
"2558","TMX Group","workday","tmx/TMX_Careers"
"2560","InterDigital","workday","InterDigital_Career"
"2565","Pluto Data Analytics","bamboohr","pluto"
"2569","Finova","breezy","finova"
"2570","ARC marine","bamboohr","arc"
"2572","Clarity Sensors","greenhouse","clarity"
"2577","Lumivero","lever","lumivero"
"2580","Ann Squared Events","bamboohr","ann"
"2581","Apollo Global Management, Inc.","workday","Apollo_Careers"
"2583","Cosine","ashby","https://api.ashbyhq.com/posting-api/job-board/cosine"
"2584","Contec, Inc.","greenhouse","emea"
"2593","Urban Green","bamboohr","urban"
"2595","Wonder Studios","greenhouse","wonderstudios"
"2596","Wonder","bamboohr","wonder"
"2598","Antare","teamtailor","antaretechnology"
"2615","Catalyst Event Production Services","smartrecruiters","catalyst"
"2616","Compact Syngas Solutions","smartrecruiters","compact"
"2618","dmg events","greenhouse","dmgevents"
"2623","Norgine UK & Ireland","smartrecruiters","norgine"
"2624","Novus Power","smartrecruiters","novus"
"2625","Showcase","teamtailor","showcase"
"2627","Alpha & Omega Semiconductor","smartrecruiters","alpha"
"2628","Atlas Holdings LLC","bamboohr","atlas"
"2630","Boskalis","smartrecruiters","boskalis"
"2631","Kinetic AI","bamboohr","kinetic"
"2634","Clear Treasury","greenhouse","clear"
"2640","PeopleCert","bamboohr","peoplecert"
"2641","Walker Morris LLP","smartrecruiters","walker"
"2642","Act Build Change","lever","act"
"2643","Alaris Antennas","smartrecruiters","alaris"
"2645","CNBC","smartrecruiters","v1"
"2646","eEnergy","teamtailor","eenergy"
"2648","Ten Health & Fitness","breezy","ten"
"2649","Andersen Lab","breezy","andersen"
"2667","Decagon","ashby","decagon"
"2670","Whisper","bamboohr","thewhispergroup"
"2672","Alcoa","workday","alcoa/Careers"
"2673","Alumni Ventures","greenhouse","alumniventures"
"2674","Avolution","workable","avolution"
"2676","Finster AI","greenhouse","finsterai"
"2677","Healthtech 1","ashby","Healthtech-1"
"2682","Thomas Miller","breezy","thomas"
"2683","Titan Research","bamboohr","titan"
"2684","Village","greenhouse","village"
"2687","Hines","icims","hines"
"2691","Fifth Dimension","teamtailor","app"
"2692","London EV Company (LEVC)","teamtailor","app"
"2693","Matternet","workable","matternet"
"2695","Ampa","pinpoint","app"
"2696","Appier","greenhouse","appier"
"2697","Clay","ashby","claylabs"
"2701","Spectris","workday","spectris/Malvern_Panalytical_Careers"
"2706","Swap","greenhouse","swapecommerce"
"2707","Verdant Specialty Solutions","bamboohr","verdant"
"2708","Liberty Global","workday","Liberty_Global_Careers"
"2711","Compleo Health","recruitee","compleohealth"
"2714","Teciem","workday","finastra/Teciem"
"2715","AQA","workday","AQA"
"2716","The Linux Foundation","smartrecruiters","linuxfoundation"
"2717","Oak Engage","workable","oakengage"
"2719","IslaCare","workable","islacare"
"3000","Jaja Finance","bamboohr","jajafinance"
"3002","Economic Modeling","lever","economicmodeling"
"3003","Nouvelle Garde Groupe","teamtailor","nouvellegardegroupe"
"3004","LSL Property Services","icims","lslps"
